{
"lengthUnit": "mil",
"components": {
	"fields": ["COMPONENT_NO", "COMPONENT_NAME", "LAYER", "X_COORDINATE", "Y_COORDINATE", "ANGLE"],
	"rows": [
		[1, "BLUETOOTH", "T", 2860, 575, 90],
		[2, "C18", "T", 1065.21, 640.61, 90],
		[3, "C49", "T", 745, 680, 270],
		[4, "CN1", "T", 415, 1875, 270],
		[5, "CN2", "T", 215, 630, 270],
		[6, "D6", "T", 450, 1365, 90],
		[7, "D7", "T", 565, 960, 0],
		[8, "OLED1", "T", 925, 1235, 0],
		[9, "R10", "T", 515, 425, 0],
		[10, "R11", "T", 790, 400, 180],
		[11, "R40", "T", 1456.14, 832.46, 90],
		[12, "R41", "T", 1452.46, 663.86, 90],
		[13, "R42", "T", 3434.58, 1144.14, 0],
		[14, "R43", "T", 3435, 1205, 0],
		[15, "SW1", "T", 3680, 680, 0],
		[16, "SW2", "T", 3680, 405, 180],
		[17, "U1", "T", 1045, 1690, 0],
		[18, "U3", "T", 3430, 915, 90],
		[19, "U5", "T", 3085, 1970, 270],
		[20, "U6", "T", 4110, 2320, 180],
		[21, "U7", "T", 3685, 1175, 0],
		[22, "U8", "T", 1200, 300, 0],
		[23, "U9", "T", 2960, 300, 0],
		[24, "U20", "T", 285, 1345, 270],
		[25, "U21", "T", 2160, 2290, 270],
		[26, "U26", "T", 910, 645, 0],
		[27, "U27", "T", 1050, 2140, 180],
		[28, "U28", "T", 3040, 1185, 270],
		[29, "U30", "T", 1620, 55, 90],
		[30, "USB4", "T", 605, 210, 0]
	]
},
"pins": {
	"fields": ["PIN_NO", "PIN_NAME", "PIN_X", "PIN_Y", "LAYER", "PIN_TYPE", "NET_NAME", "NET_TYPE", "PAD_SHAPE", "PAD_SIZEX", "PAD_SIZEY", "HOLE_SIZE", "PAD_ANGLE"],
	"rows": [
		[1, "BLUETOOTH_1", 2860, 575, "T", "DIP", "BLUETOOTH_1", "", "R", 74, 74, 40, 270],
		[2, "BLUETOOTH_1", 2860, 575, "B", "DIP", "BLUETOOTH_1", "", "R", 74, 74, 40, 270],
		[3, "BLUETOOTH_2", 2960, 575, "T", "DIP", "+5V", "", "C", 74, 74, 40, 180],
		[4, "BLUETOOTH_2", 2960, 575, "B", "DIP", "+5V", "", "C", 74, 74, 40, 180],
		[5, "BLUETOOTH_3", 3060, 575, "T", "DIP", "GND", "GND", "C", 74, 74, 40, 180],
		[6, "BLUETOOTH_3", 3060, 575, "B", "DIP", "GND", "GND", "C", 74, 74, 40, 180],
		[7, "BLUETOOTH_4", 3160, 575, "T", "DIP", "B_TX", "", "C", 74, 74, 40, 180],
		[8, "BLUETOOTH_4", 3160, 575, "B", "DIP", "B_TX", "", "C", 74, 74, 40, 180],
		[9, "BLUETOOTH_5", 3260, 575, "T", "DIP", "B_RX", "", "C", 74, 74, 40, 180],
		[10, "BLUETOOTH_5", 3260, 575, "B", "DIP", "B_RX", "", "C", 74, 74, 40, 180],
		[11, "BLUETOOTH_6", 3360, 575, "T", "DIP", "BLUETOOTH_6", "", "C", 74, 74, 40, 270],
		[12, "BLUETOOTH_6", 3360, 575, "B", "DIP", "BLUETOOTH_6", "", "C", 74, 74, 40, 270],
		[13, "C18_1", 1065.21, 613.05, "T", "SMD", "GND", "GND", "R", 31.5, 35.43, 0, 90],
		[14, "C18_2", 1065.21, 668.17, "T", "SMD", "+5V", "", "R", 31.5, 35.43, 0, 90],
		[15, "C49_1", 745, 707.56, "T", "SMD", "$1N2843", "", "R", 31.5, 35.43, 0, 270],
		[16, "C49_2", 745, 652.44, "T", "SMD", "GND", "GND", "R", 31.5, 35.43, 0, 270],
		[17, "CN1_1", 415, 1975, "T", "DIP", "POWER", "", "C", 102.36, 102.36, 66.93, 270],
		[18, "CN1_1", 415, 1975, "B", "DIP", "POWER", "", "C", 102.36, 102.36, 66.93, 270],
		[19, "CN1_2", 415, 1775, "T", "DIP", "GND", "GND", "C", 102.36, 102.36, 66.93, 270],
		[20, "CN1_2", 415, 1775, "B", "DIP", "GND", "GND", "C", 102.36, 102.36, 66.93, 270],
		[21, "CN2_1", 352.79, 777.64, "T", "SMD", "+5V", "", "R", 51.18, 157.48, 0, 270],
		[22, "CN2_2", 352.79, 679.21, "T", "SMD", "GND", "GND", "R", 51.18, 157.48, 0, 270],
		[23, "CN2_3", 352.79, 580.78, "T", "SMD", "USART1_RX", "", "R", 51.18, 157.48, 0, 270],
		[24, "CN2_4", 352.79, 482.35, "T", "SMD", "USART1_TX", "", "R", 51.18, 157.48, 0, 270],
		[25, "CN2_5", 77.21, 354.41, "T", "SMD", "CN2_5", "", "R", 74.8, 157.48, 0, 270],
		[26, "CN2_6", 77.2, 905.59, "T", "SMD", "CN2_6", "", "R", 74.8, 157.48, 0, 270],
		[27, "D6_1", 450, 1264, "T", "SMD", "+12V", "", "R", 80.57, 63.78, 0, 90],
		[28, "D6_2", 450, 1466, "T", "SMD", "MOTOR_POWER", "", "R", 80.57, 63.78, 0, 90],
		[29, "D7_1", 464, 960, "T", "SMD", "+5V", "", "R", 80.57, 63.78, 0, 0],
		[30, "D7_2", 666, 960, "T", "SMD", "VBUS", "", "R", 80.57, 63.78, 0, 0],
		[31, "OLED1_1", 775, 1234.95, "T", "DIP", "GND", "GND", "C", 64.96, 64.96, 39.37, 0],
		[32, "OLED1_1", 775, 1234.95, "B", "DIP", "GND", "GND", "C", 64.96, 64.96, 39.37, 0],
		[33, "OLED1_2", 875, 1235.05, "T", "DIP", "+5V", "", "C", 64.96, 64.96, 39.37, 0],
		[34, "OLED1_2", 875, 1235.05, "B", "DIP", "+5V", "", "C", 64.96, 64.96, 39.37, 0],
		[35, "OLED1_3", 975, 1235.05, "T", "DIP", "SCL", "", "C", 64.96, 64.96, 39.37, 0],
		[36, "OLED1_3", 975, 1235.05, "B", "DIP", "SCL", "", "C", 64.96, 64.96, 39.37, 0],
		[37, "OLED1_4", 1075, 1235.05, "T", "DIP", "SDA", "", "C", 64.96, 64.96, 39.37, 0],
		[38, "OLED1_4", 1075, 1235.05, "B", "DIP", "SDA", "", "C", 64.96, 64.96, 39.37, 0],
		[39, "R10_1", 485.34, 425, "T", "SMD", "GND", "GND", "R", 31.75, 34.02, 0, 0],
		[40, "R10_2", 544.66, 425, "T", "SMD", "$1N2852", "", "R", 31.75, 34.02, 0, 0],
		[41, "R11_1", 819.66, 400, "T", "SMD", "GND", "GND", "R", 31.75, 34.02, 0, 180],
		[42, "R11_2", 760.34, 400, "T", "SMD", "$1N2853", "", "R", 31.75, 34.02, 0, 180],
		[43, "R40_1", 1456.14, 802.8, "T", "SMD", "POWER_ADC", "", "R", 31.75, 34.02, 0, 90],
		[44, "R40_2", 1456.14, 862.12, "T", "SMD", "MOTOR_POWER", "", "R", 31.75, 34.02, 0, 90],
		[45, "R41_1", 1452.46, 634.2, "T", "SMD", "GND", "GND", "R", 31.75, 34.02, 0, 90],
		[46, "R41_2", 1452.46, 693.52, "T", "SMD", "POWER_ADC", "", "R", 31.75, 34.02, 0, 90],
		[47, "R42_1", 3404.92, 1144.14, "T", "SMD", "3V3", "", "R", 31.75, 34.02, 0, 0],
		[48, "R42_2", 3464.24, 1144.14, "T", "SMD", "$1N4790", "", "R", 31.75, 34.02, 0, 0],
		[49, "R43_1", 3405.34, 1205, "T", "SMD", "3V3", "", "R", 31.75, 34.02, 0, 0],
		[50, "R43_2", 3464.66, 1205, "T", "SMD", "$1N4794", "", "R", 31.75, 34.02, 0, 0],
		[51, "SW1_1", 3500.87, 768.58, "T", "SMD", "GND", "GND", "R", 90.55, 59.05, 0, 0],
		[52, "SW1_2", 3859.13, 768.58, "T", "SMD", "GND", "GND", "R", 90.55, 59.05, 0, 0],
		[53, "SW1_3", 3500.87, 591.41, "T", "SMD", "KEY1", "", "R", 90.55, 59.05, 0, 0],
		[54, "SW1_4", 3859.13, 591.41, "T", "SMD", "KEY1", "", "R", 90.55, 59.05, 0, 0],
		[55, "SW2_1", 3859.13, 316.42, "T", "SMD", "GND", "GND", "R", 90.55, 59.05, 0, 180],
		[56, "SW2_2", 3500.87, 316.43, "T", "SMD", "GND", "GND", "R", 90.55, 59.05, 0, 180],
		[57, "SW2_3", 3859.13, 493.59, "T", "SMD", "KEY2", "", "R", 90.55, 59.05, 0, 180],
		[58, "SW2_4", 3500.87, 493.58, "T", "SMD", "KEY2", "", "R", 90.55, 59.05, 0, 180],
		[59, "U1_1", 680, 1430, "T", "DIP", "+12V", "", "C", 62.01, 62.01, 35, 0],
		[60, "U1_1", 680, 1430, "B", "DIP", "+12V", "", "C", 62.01, 62.01, 35, 0],
		[61, "U1_1", 680, 1530, "T", "DIP", "+12V", "", "C", 62.01, 62.01, 35, 0],
		[62, "U1_1", 680, 1530, "B", "DIP", "+12V", "", "C", 62.01, 62.01, 35, 0],
		[63, "U1_2", 680, 1950, "T", "DIP", "GND", "GND", "C", 62.01, 62.01, 35, 0],
		[64, "U1_2", 680, 1950, "B", "DIP", "GND", "GND", "C", 62.01, 62.01, 35, 0],
		[65, "U1_2", 680, 1850, "T", "DIP", "GND", "GND", "C", 62.01, 62.01, 35, 0],
		[66, "U1_2", 680, 1850, "B", "DIP", "GND", "GND", "C", 62.01, 62.01, 35, 0],
		[67, "U1_3", 1410, 1530, "T", "DIP", "+5V", "", "C", 62.01, 62.01, 35, 0],
		[68, "U1_3", 1410, 1530, "B", "DIP", "+5V", "", "C", 62.01, 62.01, 35, 0],
		[69, "U1_3", 1410, 1430, "T", "DIP", "+5V", "", "C", 62.01, 62.01, 35, 0],
		[70, "U1_3", 1410, 1430, "B", "DIP", "+5V", "", "C", 62.01, 62.01, 35, 0],
		[71, "U1_4", 1410, 1850, "T", "DIP", "GND", "GND", "C", 62.01, 62.01, 35, 0],
		[72, "U1_4", 1410, 1850, "B", "DIP", "GND", "GND", "C", 62.01, 62.01, 35, 0],
		[73, "U1_4", 1410, 1950, "T", "DIP", "GND", "GND", "C", 62.01, 62.01, 35, 0],
		[74, "U1_4", 1410, 1950, "B", "DIP", "GND", "GND", "C", 62.01, 62.01, 35, 0],
		[75, "U3_1", 2730, 915, "T", "DIP", "MOTOR_POWER", "", "C", 62, 62, 35, 0],
		[76, "U3_1", 2730, 915, "B", "DIP", "MOTOR_POWER", "", "C", 62, 62, 35, 0],
		[77, "U3_2", 2830, 915, "T", "DIP", "+5V", "", "C", 62, 62, 35, 0],
		[78, "U3_2", 2830, 915, "B", "DIP", "+5V", "", "C", 62, 62, 35, 0],
		[79, "U3_3", 2930, 915, "T", "DIP", "GND", "GND", "C", 62, 62, 35, 0],
		[80, "U3_3", 2930, 915, "B", "DIP", "GND", "GND", "C", 62, 62, 35, 0],
		[81, "U3_4", 3030, 915, "T", "DIP", "MOTOR1_1", "", "C", 62, 62, 35, 0],
		[82, "U3_4", 3030, 915, "B", "DIP", "MOTOR1_1", "", "C", 62, 62, 35, 0],
		[83, "U3_5", 3130, 915, "T", "DIP", "MOTOR1_2", "", "C", 62, 62, 35, 0],
		[84, "U3_5", 3130, 915, "B", "DIP", "MOTOR1_2", "", "C", 62, 62, 35, 0],
		[85, "U3_6", 3230, 915, "T", "DIP", "MOTOR2_1", "", "C", 62, 62, 35, 0],
		[86, "U3_6", 3230, 915, "B", "DIP", "MOTOR2_1", "", "C", 62, 62, 35, 0],
		[87, "U3_7", 3330, 915, "T", "DIP", "MOTOR2_2", "", "C", 62, 62, 35, 0],
		[88, "U3_7", 3330, 915, "B", "DIP", "MOTOR2_2", "", "C", 62, 62, 35, 0],
		[89, "U3_8", 3430, 915, "T", "DIP", "GND", "GND", "C", 62, 62, 35, 0],
		[90, "U3_8", 3430, 915, "B", "DIP", "GND", "GND", "C", 62, 62, 35, 0],
		[91, "U3_9", 3430, 1509.5, "T", "DIP", "GND", "GND", "C", 62, 62, 35, 0],
		[92, "U3_9", 3430, 1509.5, "B", "DIP", "GND", "GND", "C", 62, 62, 35, 0],
		[93, "U3_10", 3330, 1509.5, "T", "DIP", "PWM1", "", "C", 62, 62, 35, 0],
		[94, "U3_10", 3330, 1509.5, "B", "DIP", "PWM1", "", "C", 62, 62, 35, 0],
		[95, "U3_11", 3230, 1509.5, "T", "DIP", "BIN2", "", "C", 62, 62, 35, 0],
		[96, "U3_11", 3230, 1509.5, "B", "DIP", "BIN2", "", "C", 62, 62, 35, 0],
		[97, "U3_12", 3130, 1509.5, "T", "DIP", "BIN1", "", "C", 62, 62, 35, 0],
		[98, "U3_12", 3130, 1509.5, "B", "DIP", "BIN1", "", "C", 62, 62, 35, 0],
		[99, "U3_13", 3030, 1509.5, "T", "DIP", "+5V", "", "C", 62, 62, 35, 0],
		[100, "U3_13", 3030, 1509.5, "B", "DIP", "+5V", "", "C", 62, 62, 35, 0],
		[101, "U3_14", 2930, 1509.5, "T", "DIP", "AIN1", "", "C", 62, 62, 35, 0],
		[102, "U3_14", 2930, 1509.5, "B", "DIP", "AIN1", "", "C", 62, 62, 35, 0],
		[103, "U3_15", 2830, 1509.5, "T", "DIP", "AIN2", "", "C", 62, 62, 35, 0],
		[104, "U3_15", 2830, 1509.5, "B", "DIP", "AIN2", "", "C", 62, 62, 35, 0],
		[105, "U3_16", 2730, 1509.5, "T", "DIP", "PWM2", "", "C", 62, 62, 35, 0],
		[106, "U3_16", 2730, 1509.5, "B", "DIP", "PWM2", "", "C", 62, 62, 35, 0],
		[107, "U5_1", 3431.14, 2221.3, "T", "DIP", "+5V", "", "R", 66.93, 66.93, 43.31, 180],
		[108, "U5_1", 3431.14, 2221.3, "B", "DIP", "+5V", "", "R", 66.93, 66.93, 43.31, 180],
		[109, "U5_2", 3331.14, 2221.3, "T", "DIP", "GND", "GND", "C", 66.93, 66.93, 43.31, 180],
		[110, "U5_2", 3331.14, 2221.3, "B", "DIP", "GND", "GND", "C", 66.93, 66.93, 43.31, 180],
		[111, "U5_3", 3231.14, 2221.3, "T", "DIP", "SCL", "", "C", 66.93, 66.93, 43.31, 180],
		[112, "U5_3", 3231.14, 2221.3, "B", "DIP", "SCL", "", "C", 66.93, 66.93, 43.31, 180],
		[113, "U5_4", 3131.14, 2221.3, "T", "DIP", "SDA", "", "C", 66.93, 66.93, 43.31, 180],
		[114, "U5_4", 3131.14, 2221.3, "B", "DIP", "SDA", "", "C", 66.93, 66.93, 43.31, 180],
		[115, "U5_5", 3031.14, 2221.3, "T", "DIP", "U5_5", "", "C", 66.93, 66.93, 43.31, 180],
		[116, "U5_5", 3031.14, 2221.3, "B", "DIP", "U5_5", "", "C", 66.93, 66.93, 43.31, 180],
		[117, "U5_6", 2931.14, 2221.3, "T", "DIP", "U5_6", "", "C", 66.93, 66.93, 43.31, 180],
		[118, "U5_6", 2931.14, 2221.3, "B", "DIP", "U5_6", "", "C", 66.93, 66.93, 43.31, 180],
		[119, "U5_7", 2831.14, 2221.3, "T", "DIP", "U5_7", "", "C", 66.93, 66.93, 43.31, 180],
		[120, "U5_7", 2831.14, 2221.3, "B", "DIP", "U5_7", "", "C", 66.93, 66.93, 43.31, 180],
		[121, "U5_8", 2731.14, 2221.3, "T", "DIP", "INT", "", "C", 66.93, 66.93, 43.31, 180],
		[122, "U5_8", 2731.14, 2221.3, "B", "DIP", "INT", "", "C", 66.93, 66.93, 43.31, 180],
		[123, "U6_1", 3630, 2040, "T", "DIP", "GND", "GND", "C", 60, 60, 36, 180],
		[124, "U6_1", 3630, 2040, "B", "DIP", "GND", "GND", "C", 60, 60, 36, 180],
		[125, "U6_2", 3730, 2040, "T", "DIP", "3V3", "", "C", 60, 60, 36, 180],
		[126, "U6_2", 3730, 2040, "B", "DIP", "3V3", "", "C", 60, 60, 36, 180],
		[127, "U6_3", 3630, 1940, "T", "DIP", "CE", "", "C", 60, 60, 36, 180],
		[128, "U6_3", 3630, 1940, "B", "DIP", "CE", "", "C", 60, 60, 36, 180],
		[129, "U6_4", 3730, 1940, "T", "DIP", "CSN", "", "C", 60, 60, 36, 180],
		[130, "U6_4", 3730, 1940, "B", "DIP", "CSN", "", "C", 60, 60, 36, 180],
		[131, "U6_5", 3630, 1840, "T", "DIP", "SCK", "", "C", 60, 60, 36, 180],
		[132, "U6_5", 3630, 1840, "B", "DIP", "SCK", "", "C", 60, 60, 36, 180],
		[133, "U6_6", 3730, 1840, "T", "DIP", "MOSI", "", "C", 60, 60, 36, 180],
		[134, "U6_6", 3730, 1840, "B", "DIP", "MOSI", "", "C", 60, 60, 36, 180],
		[135, "U6_7", 3630, 1740, "T", "DIP", "MISO", "", "C", 60, 60, 36, 180],
		[136, "U6_7", 3630, 1740, "B", "DIP", "MISO", "", "C", 60, 60, 36, 180],
		[137, "U6_8", 3730, 1740, "T", "DIP", "IRQ", "", "C", 60, 60, 36, 180],
		[138, "U6_8", 3730, 1740, "B", "DIP", "IRQ", "", "C", 60, 60, 36, 180],
		[139, "U7_1", 3735, 1325, "T", "DIP", "GND", "GND", "R", 70.87, 70.87, 39.37, 90],
		[140, "U7_1", 3735, 1325, "B", "DIP", "GND", "GND", "R", 70.87, 70.87, 39.37, 90],
		[141, "U7_2", 3735, 1225, "T", "DIP", "U7_2", "", "C", 70.87, 70.87, 39.37, 90],
		[142, "U7_2", 3735, 1225, "B", "DIP", "U7_2", "", "C", 70.87, 70.87, 39.37, 90],
		[143, "U7_3", 3735, 1125, "T", "DIP", "U7_3", "", "C", 70.87, 70.87, 39.37, 90],
		[144, "U7_3", 3735, 1125, "B", "DIP", "U7_3", "", "C", 70.87, 70.87, 39.37, 90],
		[145, "U7_4", 3735, 1025, "T", "DIP", "W_RX", "", "C", 70.87, 70.87, 39.37, 90],
		[146, "U7_4", 3735, 1025, "B", "DIP", "W_RX", "", "C", 70.87, 70.87, 39.37, 90],
		[147, "U7_5", 3635, 1325, "T", "DIP", "W_TX", "", "C", 70.87, 70.87, 39.37, 90],
		[148, "U7_5", 3635, 1325, "B", "DIP", "W_TX", "", "C", 70.87, 70.87, 39.37, 90],
		[149, "U7_6", 3635, 1225, "T", "DIP", "$1N4794", "", "C", 70.87, 70.87, 39.37, 90],
		[150, "U7_6", 3635, 1225, "B", "DIP", "$1N4794", "", "C", 70.87, 70.87, 39.37, 90],
		[151, "U7_7", 3635, 1125, "T", "DIP", "$1N4790", "", "C", 70.87, 70.87, 39.37, 90],
		[152, "U7_7", 3635, 1125, "B", "DIP", "$1N4790", "", "C", 70.87, 70.87, 39.37, 90],
		[153, "U7_8", 3635, 1025, "T", "DIP", "3V3", "", "C", 70.87, 70.87, 39.37, 90],
		[154, "U7_8", 3635, 1025, "B", "DIP", "3V3", "", "C", 70.87, 70.87, 39.37, 90],
		[155, "U8_1", 953.94, 300, "T", "DIP", "MOTOR1_1", "", "C", 62.99, 62.99, 39.37, 0],
		[156, "U8_1", 953.94, 300, "B", "DIP", "MOTOR1_1", "", "C", 62.99, 62.99, 39.37, 0],
		[157, "U8_2", 1052.37, 300, "T", "DIP", "GND", "GND", "C", 62.99, 62.99, 39.37, 0],
		[158, "U8_2", 1052.37, 300, "B", "DIP", "GND", "GND", "C", 62.99, 62.99, 39.37, 0],
		[159, "U8_3", 1150.8, 300, "T", "DIP", "ENCODE1_2", "", "C", 62.99, 62.99, 39.37, 0],
		[160, "U8_3", 1150.8, 300, "B", "DIP", "ENCODE1_2", "", "C", 62.99, 62.99, 39.37, 0],
		[161, "U8_4", 1249.21, 300, "T", "DIP", "ENCODE1_1", "", "C", 62.99, 62.99, 39.37, 0],
		[162, "U8_4", 1249.21, 300, "B", "DIP", "ENCODE1_1", "", "C", 62.99, 62.99, 39.37, 0],
		[163, "U8_5", 1347.63, 300, "T", "DIP", "+5V", "", "C", 62.99, 62.99, 39.37, 0],
		[164, "U8_5", 1347.63, 300, "B", "DIP", "+5V", "", "C", 62.99, 62.99, 39.37, 0],
		[165, "U8_6", 1446.06, 300, "T", "DIP", "MOTOR1_2", "", "C", 62.99, 62.99, 39.37, 0],
		[166, "U8_6", 1446.06, 300, "B", "DIP", "MOTOR1_2", "", "C", 62.99, 62.99, 39.37, 0],
		[167, "U9_1", 2713.94, 300, "T", "DIP", "MOTOR2_1", "", "C", 62.99, 62.99, 39.37, 0],
		[168, "U9_1", 2713.94, 300, "B", "DIP", "MOTOR2_1", "", "C", 62.99, 62.99, 39.37, 0],
		[169, "U9_2", 2812.36, 300, "T", "DIP", "GND", "GND", "C", 62.99, 62.99, 39.37, 0],
		[170, "U9_2", 2812.36, 300, "B", "DIP", "GND", "GND", "C", 62.99, 62.99, 39.37, 0],
		[171, "U9_3", 2910.8, 300, "T", "DIP", "ENCODE2_2", "", "C", 62.99, 62.99, 39.37, 0],
		[172, "U9_3", 2910.8, 300, "B", "DIP", "ENCODE2_2", "", "C", 62.99, 62.99, 39.37, 0],
		[173, "U9_4", 3009.21, 300, "T", "DIP", "ENCODE2_1", "", "C", 62.99, 62.99, 39.37, 0],
		[174, "U9_4", 3009.21, 300, "B", "DIP", "ENCODE2_1", "", "C", 62.99, 62.99, 39.37, 0],
		[175, "U9_5", 3107.64, 300, "T", "DIP", "+5V", "", "C", 62.99, 62.99, 39.37, 0],
		[176, "U9_5", 3107.64, 300, "B", "DIP", "+5V", "", "C", 62.99, 62.99, 39.37, 0],
		[177, "U9_6", 3206.06, 300, "T", "DIP", "MOTOR2_2", "", "C", 62.99, 62.99, 39.37, 0],
		[178, "U9_6", 3206.06, 300, "B", "DIP", "MOTOR2_2", "", "C", 62.99, 62.99, 39.37, 0],
		[179, "U20_1", 288.9, 1463.1, "T", "DIP", "MOTOR_POWER", "", "R", 70.9, 88.6, 49.2, 270],
		[180, "U20_1", 288.9, 1463.1, "B", "DIP", "MOTOR_POWER", "", "R", 70.9, 88.6, 49.2, 270],
		[181, "U20_2", 288.9, 1345, "T", "DIP", "POWER", "", "C", 88.6, 88.6, 49.2, 270],
		[182, "U20_2", 288.9, 1345, "B", "DIP", "POWER", "", "C", 88.6, 88.6, 49.2, 270],
		[183, "U20_3", 288.9, 1226.9, "T", "DIP", "U20_3", "", "C", 88.6, 88.6, 49.2, 270],
		[184, "U20_3", 288.9, 1226.9, "B", "DIP", "U20_3", "", "C", 88.6, 88.6, 49.2, 270],
		[185, "U20_4", 281.1, 1093, "T", "DIP", "U20_4", "", "C", 88.6, 88.6, 49.2, 270],
		[186, "U20_4", 281.1, 1093, "B", "DIP", "U20_4", "", "C", 88.6, 88.6, 49.2, 270],
		[187, "U20_5", 281.1, 1597, "T", "DIP", "U20_5", "", "C", 88.6, 88.6, 49.2, 270],
		[188, "U20_5", 281.1, 1597, "B", "DIP", "U20_5", "", "C", 88.6, 88.6, 49.2, 270],
		[189, "U21_1", 2225, 2300, "T", "DIP", "+5V", "", "C", 60, 60, 36, 180],
		[190, "U21_1", 2225, 2300, "B", "DIP", "+5V", "", "C", 60, 60, 36, 180],
		[191, "U21_2", 2125, 2300, "T", "DIP", "TRIG", "", "C", 60, 60, 36, 180],
		[192, "U21_2", 2125, 2300, "B", "DIP", "TRIG", "", "C", 60, 60, 36, 180],
		[193, "U21_3", 2025, 2300, "T", "DIP", "ECHO", "", "C", 60, 60, 36, 180],
		[194, "U21_3", 2025, 2300, "B", "DIP", "ECHO", "", "C", 60, 60, 36, 180],
		[195, "U21_4", 1925, 2300, "T", "DIP", "GND", "GND", "C", 60, 60, 36, 180],
		[196, "U21_4", 1925, 2300, "B", "DIP", "GND", "GND", "C", 60, 60, 36, 180],
		[197, "U26_1", 835, 539.39, "T", "SMD", "D+", "", "O", 24.8, 73.42, 0, 0],
		[198, "U26_2", 885, 539.39, "T", "SMD", "D-", "", "O", 24.8, 73.42, 0, 0],
		[199, "U26_3", 935, 539.39, "T", "SMD", "GND", "GND", "O", 24.8, 73.42, 0, 0],
		[200, "U26_4", 985, 539.39, "T", "SMD", "U26_4", "", "O", 24.8, 73.42, 0, 0],
		[201, "U26_5", 985, 750.61, "T", "SMD", "+5V", "", "O", 24.8, 73.42, 0, 0],
		[202, "U26_6", 935, 750.61, "T", "SMD", "USART1_RX", "", "O", 24.8, 73.42, 0, 0],
		[203, "U26_7", 885, 750.61, "T", "SMD", "USART1_TX", "", "O", 24.8, 73.42, 0, 0],
		[204, "U26_8", 835, 750.61, "T", "SMD", "$1N2843", "", "O", 24.8, 73.42, 0, 0],
		[205, "U27_1", 1246.85, 1994.33, "T", "SMD", "3V3", "", "R", 59.05, 137.79, 0, 180],
		[206, "U27_2", 1148.42, 1994.33, "T", "SMD", "X1", "", "R", 59.05, 137.79, 0, 180],
		[207, "U27_3", 1050, 1994.33, "T", "SMD", "X2", "", "R", 59.05, 137.79, 0, 180],
		[208, "U27_4", 951.57, 1994.33, "T", "SMD", "X3", "", "R", 59.05, 137.79, 0, 180],
		[209, "U27_5", 853.14, 1994.33, "T", "SMD", "GND", "GND", "R", 59.05, 137.79, 0, 180],
		[210, "U27_6", 1364.17, 2285.67, "T", "SMD", "U27_6", "", "R", 59.05, 137.79, 0, 180],
		[211, "U27_7", 735.83, 2285.67, "T", "SMD", "U27_7", "", "R", 59.05, 137.79, 0, 180],
		[212, "U28_1", 3002.6, 1131.85, "T", "SMD", "AIN1", "", "R", 43.31, 23.62, 0, 270],
		[213, "U28_2", 3040, 1131.85, "T", "SMD", "GND", "GND", "R", 43.31, 23.62, 0, 270],
		[214, "U28_3", 3077.4, 1131.85, "T", "SMD", "BIN1", "", "R", 43.31, 23.62, 0, 270],
		[215, "U28_4", 3077.4, 1238.15, "T", "SMD", "BIN2", "", "R", 43.31, 23.62, 0, 270],
		[216, "U28_5", 3040, 1238.15, "T", "SMD", "3V3", "", "R", 43.31, 23.62, 0, 270],
		[217, "U28_6", 3002.6, 1238.15, "T", "SMD", "AIN2", "", "R", 43.31, 23.62, 0, 270],
		[218, "U30_1", 2370, 155, "T", "DIP", "3V3", "", "R", 70.87, 70.87, 47.24, 90],
		[219, "U30_1", 2370, 155, "B", "DIP", "3V3", "", "R", 70.87, 70.87, 47.24, 90],
		[220, "U30_2", 2370, 255, "T", "DIP", "U30_2", "", "C", 70.87, 70.87, 47.24, 90],
		[221, "U30_2", 2370, 255, "B", "DIP", "U30_2", "", "C", 70.87, 70.87, 47.24, 90],
		[222, "U30_3", 2370, 355, "T", "DIP", "KEY1", "", "C", 70.87, 70.87, 47.24, 90],
		[223, "U30_3", 2370, 355, "B", "DIP", "KEY1", "", "C", 70.87, 70.87, 47.24, 90],
		[224, "U30_4", 2370, 455, "T", "DIP", "KEY2", "", "C", 70.87, 70.87, 47.24, 90],
		[225, "U30_4", 2370, 455, "B", "DIP", "KEY2", "", "C", 70.87, 70.87, 47.24, 90],
		[226, "U30_5", 2370, 555, "T", "DIP", "ENCODE1_1", "", "C", 70.87, 70.87, 47.24, 90],
		[227, "U30_5", 2370, 555, "B", "DIP", "ENCODE1_1", "", "C", 70.87, 70.87, 47.24, 90],
		[228, "U30_6", 2370, 655, "T", "DIP", "ENCODE1_2", "", "C", 70.87, 70.87, 47.24, 90],
		[229, "U30_6", 2370, 655, "B", "DIP", "ENCODE1_2", "", "C", 70.87, 70.87, 47.24, 90],
		[230, "U30_7", 2370, 755, "T", "DIP", "W_RX", "", "C", 70.87, 70.87, 47.24, 90],
		[231, "U30_7", 2370, 755, "B", "DIP", "W_RX", "", "C", 70.87, 70.87, 47.24, 90],
		[232, "U30_8", 2370, 855, "T", "DIP", "W_TX", "", "C", 70.87, 70.87, 47.24, 90],
		[233, "U30_8", 2370, 855, "B", "DIP", "W_TX", "", "C", 70.87, 70.87, 47.24, 90],
		[234, "U30_9", 2370, 955, "T", "DIP", "X1", "", "C", 70.87, 70.87, 47.24, 90],
		[235, "U30_9", 2370, 955, "B", "DIP", "X1", "", "C", 70.87, 70.87, 47.24, 90],
		[236, "U30_10", 2370, 1055, "T", "DIP", "X2", "", "C", 70.87, 70.87, 47.24, 90],
		[237, "U30_10", 2370, 1055, "B", "DIP", "X2", "", "C", 70.87, 70.87, 47.24, 90],
		[238, "U30_11", 2370, 1155, "T", "DIP", "X3", "", "C", 70.87, 70.87, 47.24, 90],
		[239, "U30_11", 2370, 1155, "B", "DIP", "X3", "", "C", 70.87, 70.87, 47.24, 90],
		[240, "U30_12", 2370, 1255, "T", "DIP", "POWER_ADC", "", "C", 70.87, 70.87, 47.24, 90],
		[241, "U30_12", 2370, 1255, "B", "DIP", "POWER_ADC", "", "C", 70.87, 70.87, 47.24, 90],
		[242, "U30_13", 2370, 1355, "T", "DIP", "ECHO", "", "C", 70.87, 70.87, 47.24, 90],
		[243, "U30_13", 2370, 1355, "B", "DIP", "ECHO", "", "C", 70.87, 70.87, 47.24, 90],
		[244, "U30_14", 2370, 1455, "T", "DIP", "TRIG", "", "C", 70.87, 70.87, 47.24, 90],
		[245, "U30_14", 2370, 1455, "B", "DIP", "TRIG", "", "C", 70.87, 70.87, 47.24, 90],
		[246, "U30_15", 2370, 1555, "T", "DIP", "B_RX", "", "C", 70.87, 70.87, 47.24, 90],
		[247, "U30_15", 2370, 1555, "B", "DIP", "B_RX", "", "C", 70.87, 70.87, 47.24, 90],
		[248, "U30_16", 2370, 1655, "T", "DIP", "B_TX", "", "C", 70.87, 70.87, 47.24, 90],
		[249, "U30_16", 2370, 1655, "B", "DIP", "B_TX", "", "C", 70.87, 70.87, 47.24, 90],
		[250, "U30_17", 2370, 1755, "T", "DIP", "U30_17", "", "C", 70.87, 70.87, 47.24, 90],
		[251, "U30_17", 2370, 1755, "B", "DIP", "U30_17", "", "C", 70.87, 70.87, 47.24, 90],
		[252, "U30_18", 2370, 1855, "T", "DIP", "3V3", "", "C", 70.87, 70.87, 47.24, 90],
		[253, "U30_18", 2370, 1855, "B", "DIP", "3V3", "", "C", 70.87, 70.87, 47.24, 90],
		[254, "U30_19", 2370, 1955, "T", "DIP", "GND", "GND", "C", 70.87, 70.87, 47.24, 90],
		[255, "U30_19", 2370, 1955, "B", "DIP", "GND", "GND", "C", 70.87, 70.87, 47.24, 90],
		[256, "U30_20", 2370, 2055, "T", "DIP", "GND", "GND", "C", 70.87, 70.87, 47.24, 90],
		[257, "U30_20", 2370, 2055, "B", "DIP", "GND", "GND", "C", 70.87, 70.87, 47.24, 90],
		[258, "U30_21", 1770, 2055, "T", "DIP", "AIN1", "", "C", 70.87, 70.87, 47.24, 90],
		[259, "U30_21", 1770, 2055, "B", "DIP", "AIN1", "", "C", 70.87, 70.87, 47.24, 90],
		[260, "U30_22", 1770, 1955, "T", "DIP", "BIN1", "", "C", 70.87, 70.87, 47.24, 90],
		[261, "U30_22", 1770, 1955, "B", "DIP", "BIN1", "", "C", 70.87, 70.87, 47.24, 90],
		[262, "U30_23", 1770, 1855, "T", "DIP", "INT", "", "C", 70.87, 70.87, 47.24, 90],
		[263, "U30_23", 1770, 1855, "B", "DIP", "INT", "", "C", 70.87, 70.87, 47.24, 90],
		[264, "U30_24", 1770, 1755, "T", "DIP", "IRQ", "", "C", 70.87, 70.87, 47.24, 90],
		[265, "U30_24", 1770, 1755, "B", "DIP", "IRQ", "", "C", 70.87, 70.87, 47.24, 90],
		[266, "U30_25", 1770, 1655, "T", "DIP", "PWM1", "", "C", 70.87, 70.87, 47.24, 90],
		[267, "U30_25", 1770, 1655, "B", "DIP", "PWM1", "", "C", 70.87, 70.87, 47.24, 90],
		[268, "U30_26", 1770, 1555, "T", "DIP", "USART1_TX", "", "C", 70.87, 70.87, 47.24, 90],
		[269, "U30_26", 1770, 1555, "B", "DIP", "USART1_TX", "", "C", 70.87, 70.87, 47.24, 90],
		[270, "U30_27", 1770, 1455, "T", "DIP", "USART1_RX", "", "C", 70.87, 70.87, 47.24, 90],
		[271, "U30_27", 1770, 1455, "B", "DIP", "USART1_RX", "", "C", 70.87, 70.87, 47.24, 90],
		[272, "U30_28", 1770, 1355, "T", "DIP", "PWM2", "", "C", 70.87, 70.87, 47.24, 90],
		[273, "U30_28", 1770, 1355, "B", "DIP", "PWM2", "", "C", 70.87, 70.87, 47.24, 90],
		[274, "U30_29", 1770, 1255, "T", "DIP", "CSN", "", "C", 70.87, 70.87, 47.24, 90],
		[275, "U30_29", 1770, 1255, "B", "DIP", "CSN", "", "C", 70.87, 70.87, 47.24, 90],
		[276, "U30_30", 1770, 1155, "T", "DIP", "CE", "", "C", 70.87, 70.87, 47.24, 90],
		[277, "U30_30", 1770, 1155, "B", "DIP", "CE", "", "C", 70.87, 70.87, 47.24, 90],
		[278, "U30_31", 1770, 1055, "T", "DIP", "SCK", "", "C", 70.87, 70.87, 47.24, 90],
		[279, "U30_31", 1770, 1055, "B", "DIP", "SCK", "", "C", 70.87, 70.87, 47.24, 90],
		[280, "U30_32", 1770, 955, "T", "DIP", "MISO", "", "C", 70.87, 70.87, 47.24, 90],
		[281, "U30_32", 1770, 955, "B", "DIP", "MISO", "", "C", 70.87, 70.87, 47.24, 90],
		[282, "U30_33", 1770, 855, "T", "DIP", "MOSI", "", "C", 70.87, 70.87, 47.24, 90],
		[283, "U30_33", 1770, 855, "B", "DIP", "MOSI", "", "C", 70.87, 70.87, 47.24, 90],
		[284, "U30_34", 1770, 755, "T", "DIP", "ENCODE2_2", "", "C", 70.87, 70.87, 47.24, 90],
		[285, "U30_34", 1770, 755, "B", "DIP", "ENCODE2_2", "", "C", 70.87, 70.87, 47.24, 90],
		[286, "U30_35", 1770, 655, "T", "DIP", "ENCODE2_1", "", "C", 70.87, 70.87, 47.24, 90],
		[287, "U30_35", 1770, 655, "B", "DIP", "ENCODE2_1", "", "C", 70.87, 70.87, 47.24, 90],
		[288, "U30_36", 1770, 555, "T", "DIP", "SCL", "", "C", 70.87, 70.87, 47.24, 90],
		[289, "U30_36", 1770, 555, "B", "DIP", "SCL", "", "C", 70.87, 70.87, 47.24, 90],
		[290, "U30_37", 1770, 455, "T", "DIP", "SDA", "", "C", 70.87, 70.87, 47.24, 90],
		[291, "U30_37", 1770, 455, "B", "DIP", "SDA", "", "C", 70.87, 70.87, 47.24, 90],
		[292, "U30_38", 1770, 355, "T", "DIP", "+5V", "", "C", 70.87, 70.87, 47.24, 90],
		[293, "U30_38", 1770, 355, "B", "DIP", "+5V", "", "C", 70.87, 70.87, 47.24, 90],
		[294, "U30_39", 1770, 255, "T", "DIP", "GND", "GND", "C", 70.87, 70.87, 47.24, 90],
		[295, "U30_39", 1770, 255, "B", "DIP", "GND", "GND", "C", 70.87, 70.87, 47.24, 90],
		[296, "U30_40", 1770, 155, "T", "DIP", "3V3", "", "R", 70.87, 70.87, 47.24, 90],
		[297, "U30_40", 1770, 155, "B", "DIP", "3V3", "", "R", 70.87, 70.87, 47.24, 90],
		[298, "USB4_1", 479.01, 303.5, "T", "SMD", "GND", "GND", "R", 23.62, 43.31, 0, 0],
		[299, "USB4_2", 510.52, 303.5, "T", "SMD", "VBUS", "", "R", 23.62, 43.31, 0, 0],
		[300, "USB4_3", 536.11, 303.5, "T", "SMD", "USB4_3", "", "R", 11.81, 43.31, 0, 0],
		[301, "USB4_4", 555.8, 303.5, "T", "SMD", "$1N2852", "", "R", 11.81, 43.31, 0, 0],
		[302, "USB4_5", 575.48, 303.5, "T", "SMD", "D-", "", "R", 11.81, 43.31, 0, 0],
		[303, "USB4_6", 595.15, 303.5, "T", "SMD", "D+", "", "R", 11.81, 43.31, 0, 0],
		[304, "USB4_7", 614.85, 303.5, "T", "SMD", "D-", "", "R", 11.81, 43.31, 0, 0],
		[305, "USB4_8", 634.52, 303.5, "T", "SMD", "D+", "", "R", 11.81, 43.31, 0, 0],
		[306, "USB4_9", 654.21, 303.5, "T", "SMD", "USB4_9", "", "R", 11.81, 43.31, 0, 0],
		[307, "USB4_10", 673.9, 303.5, "T", "SMD", "$1N2853", "", "R", 11.81, 43.31, 0, 0],
		[308, "USB4_11", 699.5, 303.5, "T", "SMD", "VBUS", "", "R", 23.62, 43.31, 0, 0],
		[309, "USB4_12", 730.99, 303.5, "T", "SMD", "GND", "GND", "R", 23.62, 43.31, 0, 0],
		[310, "USB4_13", 434.72, 281.86, "T", "DIP", "GND", "GND", "O", 47.24, 78.74, 59.05, 0],
		[311, "USB4_13", 434.72, 281.86, "B", "DIP", "GND", "GND", "O", 47.24, 78.74, 59.05, 0],
		[312, "USB4_13", 434.72, 116.5, "T", "DIP", "GND", "GND", "O", 47.24, 70.87, 47.24, 0],
		[313, "USB4_13", 434.72, 116.5, "B", "DIP", "GND", "GND", "O", 47.24, 70.87, 47.24, 0],
		[314, "USB4_14", 775.28, 281.86, "T", "DIP", "GND", "GND", "O", 47.24, 78.74, 59.05, 0],
		[315, "USB4_14", 775.28, 281.86, "B", "DIP", "GND", "GND", "O", 47.24, 78.74, 59.05, 0],
		[316, "USB4_14", 775.28, 116.5, "T", "DIP", "GND", "GND", "O", 47.24, 70.87, 47.24, 0],
		[317, "USB4_14", 775.28, 116.5, "B", "DIP", "GND", "GND", "O", 47.24, 70.87, 47.24, 0]
	]
}
}